year,league,team,player_id,player_name_ja,player_name_en,G,PA,AB,R,H,2B,3B,HR,TB,RBI,SB,CS,SH,SF,BB,IBB,HBP,SO,GDP,AVG,OBP,SLG,OPS,1B,IsoP,IsoD,IOPS,BB%,K%,BB/K,BABIP,GPA,NOI,SecA,TA
1958,CL,東京ヤクルトスワローズ,1003804,根来　広光,H.Negoro,101.0,293.0,267.0,18.0,60.0,9.0,2.0,7.0,94.0,28.0,2.0,0,7.0,1.0,17.0,0,1.0,43.0,10.0,0.225,0.273,0.352,0.625,42.0,0.1269999999999999,0.048,0.4,0.0580204778156996,0.1467576791808873,0.3953488372093023,0.2431192660550458,0.21085,390.33333333333337,0.2022471910112359,0.5253456221198156
1958,CL,広島東洋カープ,11013804,中本　冨士雄,F.Nakamoto,42.0,48.0,43.0,0.0,8.0,0.0,0.0,0.0,8.0,0.0,0.0,0,3.0,0.0,1.0,0,1.0,8.0,0.0,0.186,0.222,0.186,0.408,8.0,0.0,0.036,0.222,0.0208333333333333,0.1666666666666666,0.125,0.2285714285714285,0.1464,284.00000000000006,0.0465116279069767,0.2857142857142857
1958,CL,読売ジャイアンツ,11013806,難波　昭二郎,S.Nanba,40.0,47.0,47.0,3.0,12.0,3.0,1.0,2.0,23.0,5.0,0.0,0,0.0,0.0,0.0,0,0.0,16.0,0.0,0.255,0.255,0.489,0.744,6.0,0.2339999999999999,0.0,0.489,0.0,0.3404255319148936,0.0,0.3448275862068966,0.237,418.00000000000006,0.2340425531914893,0.6571428571428571
1958,CL,中日ドラゴンズ,11013809,児玉　泰,Y.Kodama,31.0,57.0,49.0,1.0,3.0,1.0,0.0,0.0,4.0,1.0,0.0,0,6.0,1.0,1.0,0,0.0,21.0,0.0,0.061,0.078,0.082,0.16,2.0,0.021,0.017,0.099,0.0175438596491228,0.3684210526315789,0.0476190476190476,0.1034482758620689,0.0556,105.33333333333331,0.0408163265306122,0.108695652173913
1958,CL,中日ドラゴンズ,11013874,西沢　道夫,M.Nishizawa,107.0,404.0,375.0,33.0,103.0,12.0,0.0,2.0,121.0,44.0,4.0,0,0.0,5.0,23.0,0,1.0,24.0,13.0,0.275,0.314,0.323,0.637,89.0,0.0479999999999999,0.0389999999999999,0.362,0.0569306930693069,0.0594059405940594,0.9583333333333334,0.2853107344632768,0.22205,421.6666666666667,0.1226666666666666,0.5228070175438596
1958,CL,横浜DeNAベイスターズ,1103802,秋山　登,N.Akiyama,62.0,124.0,113.0,4.0,20.0,3.0,1.0,1.0,28.0,5.0,0.0,0,7.0,0.0,4.0,0,0.0,33.0,2.0,0.177,0.205,0.248,0.453,15.0,0.071,0.0279999999999999,0.276,0.032258064516129,0.2661290322580645,0.1212121212121212,0.240506329113924,0.15425,287.66666666666663,0.1061946902654867,0.3368421052631579
1958,CL,広島東洋カープ,1103806,井石　広一,H.Iishi,3.0,3.0,2.0,0.0,0.0,0.0,0.0,0.0,0.0,0.0,0.0,0,0.0,0.0,1.0,0,0.0,2.0,0.0,0.0,0.333,0.0,0.333,0.0,0.0,0.333,0.333,0.3333333333333333,0.6666666666666666,0.5,,0.14985,333.0,0.5,0.5
1958,CL,東京ヤクルトスワローズ,11213802,土居　章助,S.Doi,70.0,158.0,150.0,13.0,31.0,6.0,2.0,0.0,41.0,5.0,5.0,0,4.0,1.0,3.0,0,0.0,21.0,2.0,0.207,0.221,0.273,0.494,23.0,0.066,0.014,0.287,0.0189873417721519,0.1329113924050632,0.1428571428571428,0.2384615384615384,0.1677,312.0,0.12,0.4049586776859504
1958,CL,中日ドラゴンズ,11213804,日野　美澄,Y.Hino,29.0,35.0,33.0,5.0,4.0,1.0,0.0,0.0,5.0,1.0,0.0,0,0.0,0.0,2.0,0,0.0,12.0,1.0,0.121,0.171,0.152,0.323,3.0,0.031,0.05,0.202,0.0571428571428571,0.3428571428571428,0.1666666666666666,0.1904761904761904,0.11495,221.66666666666669,0.0909090909090909,0.2333333333333333
1958,CL,阪神タイガース,11313802,伊藤　光四郎,K.Itou,46.0,24.0,20.0,5.0,6.0,0.0,1.0,0.0,8.0,1.0,2.0,0,1.0,1.0,2.0,0,0.0,5.0,0.0,0.3,0.348,0.4,0.748,5.0,0.1,0.0479999999999999,0.448,0.0833333333333333,0.2083333333333333,0.4,0.375,0.2566,481.33333333333326,0.3,0.8571428571428571
1958,CL,中日ドラゴンズ,11313807,伊奈　努,T.Ina,35.0,35.0,30.0,3.0,6.0,1.0,0.0,1.0,10.0,3.0,0.0,0,4.0,0.0,1.0,0,0.0,6.0,0.0,0.2,0.226,0.333,0.559,4.0,0.133,0.0259999999999999,0.359,0.0285714285714285,0.1714285714285714,0.1666666666666666,0.217391304347826,0.18495,337.0,0.1666666666666666,0.4583333333333333
1958,CL,読売ジャイアンツ,11313809,岩下　守道,M.Iwashita,39.0,36.0,34.0,4.0,8.0,1.0,1.0,0.0,11.0,4.0,3.0,0,0.0,0.0,2.0,0,0.0,7.0,0.0,0.235,0.278,0.324,0.602,6.0,0.089,0.043,0.367,0.0555555555555555,0.1944444444444444,0.2857142857142857,0.2962962962962963,0.2061,386.0,0.2352941176470588,0.6153846153846154
1958,CL,東京ヤクルトスワローズ,11413802,西岡　清吉,S.Nishioka,63.0,178.0,169.0,13.0,41.0,4.0,3.0,4.0,63.0,15.0,1.0,0,1.0,1.0,6.0,0,1.0,19.0,6.0,0.243,0.271,0.373,0.644,30.0,0.13,0.028,0.401,0.0337078651685393,0.1067415730337078,0.3157894736842105,0.2517006802721088,0.2152,395.33333333333337,0.1775147928994082,0.5298507462686567
1958,CL,横浜DeNAベイスターズ,11413804,本田　正浩,M.Honda,2.0,2.0,2.0,0.0,0.0,0.0,0.0,0.0,0.0,0.0,0.0,0,0.0,0.0,0.0,0,0.0,0.0,0.0,0.0,0.0,0.0,0.0,0.0,0.0,0.0,0.0,0.0,0.0,,0.0,0.0,0.0,0.0,0.0
1958,CL,読売ジャイアンツ,11413806,山田　幸造,K.Yamada,5.0,1.0,1.0,0.0,0.0,0.0,0.0,0.0,0.0,0.0,0.0,0,0.0,0.0,0.0,0,0.0,0.0,0.0,0.0,0.0,0.0,0.0,0.0,0.0,0.0,0.0,0.0,0.0,,0.0,0.0,0.0,0.0,0.0
1958,CL,阪神タイガース,11513807,大崎　三男,M.Oosaki,26.0,50.0,43.0,3.0,5.0,1.0,0.0,1.0,9.0,3.0,0.0,0,3.0,0.0,4.0,0,0.0,9.0,1.0,0.116,0.191,0.209,0.4,3.0,0.0929999999999999,0.075,0.284,0.08,0.18,0.4444444444444444,0.1212121212121212,0.1382,260.6666666666667,0.1860465116279069,0.3333333333333333
1958,CL,横浜DeNAベイスターズ,11713802,勝浦　将元,M.Katsuura,1.0,1.0,1.0,0.0,0.0,0.0,0.0,0.0,0.0,0.0,0.0,0,0.0,0.0,0.0,0,0.0,1.0,0.0,0.0,0.0,0.0,0.0,0.0,0.0,0.0,0.0,0.0,1.0,0.0,,0.0,0.0,0.0,0.0
1958,CL,中日ドラゴンズ,11713803,徳永　喜久夫,K.Tokunaga,7.0,0.0,0.0,0.0,0.0,0.0,0.0,0.0,0.0,0.0,0.0,0,0.0,0.0,0.0,0,0.0,0.0,0.0,,,,,0.0,,,,,,,,,,,
1958,CL,東京ヤクルトスワローズ,11713804,斎藤　良雄,Y.Saitou,5.0,4.0,4.0,0.0,0.0,0.0,0.0,0.0,0.0,0.0,0.0,0,0.0,0.0,0.0,0,0.0,1.0,1.0,0.0,0.0,0.0,0.0,0.0,0.0,0.0,0.0,0.0,0.25,0.0,0.0,0.0,0.0,0.0,0.0
1958,CL,読売ジャイアンツ,11913806,竹下　光郎,M.Takeshita,9.0,14.0,14.0,1.0,3.0,1.0,0.0,0.0,4.0,1.0,0.0,0,0.0,0.0,0.0,0,0.0,1.0,0.0,0.214,0.214,0.286,0.5,2.0,0.0719999999999999,0.0,0.286,0.0,0.0714285714285714,0.0,0.2307692307692307,0.1678,309.33333333333337,0.0714285714285714,0.3636363636363636
1958,CL,中日ドラゴンズ,11913878,服部　受弘,T.Hattori,2.0,2.0,2.0,0.0,0.0,0.0,0.0,0.0,0.0,0.0,0.0,0,0.0,0.0,0.0,0,0.0,1.0,0.0,0.0,0.0,0.0,0.0,0.0,0.0,0.0,0.0,0.0,0.5,0.0,0.0,0.0,0.0,0.0,0.0
1958,CL,横浜DeNAベイスターズ,1203806,宮本　和佳,K.Miyamoto,26.0,12.0,12.0,0.0,2.0,0.0,0.0,0.0,2.0,1.0,0.0,0,0.0,0.0,0.0,0,0.0,3.0,0.0,0.167,0.167,0.167,0.334,2.0,0.0,0.0,0.167,0.0,0.25,0.0,0.2222222222222222,0.1169,222.66666666666669,0.0,0.2
1958,CL,読売ジャイアンツ,1303806,河野　正,T.Kawano,2.0,0.0,0.0,2.0,0.0,0.0,0.0,0.0,0.0,0.0,0.0,0,0.0,0.0,0.0,0,0.0,0.0,0.0,,,,,0.0,,,,,,,,,,,
1958,CL,東京ヤクルトスワローズ,1303807,鵜飼　勝美,K.Ugai,119.0,416.0,399.0,28.0,92.0,14.0,8.0,3.0,131.0,29.0,5.0,0,5.0,3.0,9.0,0,0.0,65.0,9.0,0.231,0.246,0.328,0.574,67.0,0.097,0.0149999999999999,0.3429999999999999,0.0216346153846153,0.15625,0.1384615384615384,0.2664670658682634,0.1927,355.3333333333333,0.1328320802005012,0.4588607594936709
1958,CL,読売ジャイアンツ,1303876,川上　哲治,T.Kawakami,124.0,480.0,435.0,34.0,107.0,19.0,2.0,9.0,157.0,66.0,5.0,0,7.0,8.0,25.0,0,5.0,39.0,9.0,0.246,0.29,0.361,0.651,77.0,0.1149999999999999,0.0439999999999999,0.4049999999999999,0.0520833333333333,0.08125,0.6410256410256411,0.2481012658227848,0.22075,410.3333333333333,0.1954022988505747,0.56973293768546
1958,CL,広島東洋カープ,13313800,平山　智,S.Hirayama,123.0,510.0,465.0,44.0,105.0,22.0,7.0,5.0,156.0,25.0,8.0,0,13.0,0.0,31.0,0,1.0,56.0,4.0,0.226,0.276,0.335,0.611,71.0,0.109,0.05,0.385,0.0607843137254901,0.1098039215686274,0.5535714285714286,0.2475247524752475,0.20795,387.66666666666674,0.1956989247311828,0.5384615384615384
1958,CL,横浜DeNAベイスターズ,1403804,宮沢　重雄,S.Miyazawa,1.0,0.0,0.0,0.0,0.0,0.0,0.0,0.0,0.0,0.0,0.0,0,0.0,0.0,0.0,0,0.0,0.0,0.0,,,,,0.0,,,,,,,,,,,
1958,CL,中日ドラゴンズ,1503805,河合　保彦,Y.Kawai,60.0,149.0,127.0,12.0,25.0,6.0,3.0,2.0,43.0,7.0,3.0,0,5.0,0.0,17.0,0,0.0,36.0,2.0,0.197,0.292,0.339,0.631,14.0,0.142,0.0949999999999999,0.434,0.1140939597315436,0.2416107382550335,0.4722222222222222,0.2584269662921348,0.21615,405.0,0.2992125984251969,0.6057692307692307
1958,CL,横浜DeNAベイスターズ,1503806,近藤　和彦,K.Kondou,121.0,468.0,418.0,51.0,113.0,15.0,3.0,13.0,173.0,37.0,7.0,0,1.0,2.0,43.0,0,4.0,43.0,7.0,0.27,0.343,0.414,0.757,82.0,0.1439999999999999,0.073,0.487,0.0918803418803418,0.0918803418803418,1.0,0.2747252747252747,0.25785,481.0,0.2727272727272727,0.7275641025641025
1958,CL,読売ジャイアンツ,1503898,内藤　博文,H.Naitou,60.0,157.0,139.0,18.0,28.0,6.0,2.0,3.0,47.0,12.0,0.0,0,5.0,0.0,11.0,0,2.0,36.0,3.0,0.201,0.27,0.338,0.608,17.0,0.137,0.069,0.407,0.0700636942675159,0.2292993630573248,0.3055555555555556,0.25,0.206,382.6666666666667,0.2302158273381295,0.5263157894736842
1958,CL,広島東洋カープ,1603802,緋本　祥男,Y.Himoto,72.0,141.0,129.0,19.0,27.0,6.0,2.0,3.0,46.0,10.0,1.0,0,1.0,0.0,11.0,0,0.0,32.0,6.0,0.209,0.271,0.357,0.628,16.0,0.148,0.062,0.419,0.0780141843971631,0.226950354609929,0.34375,0.2553191489361702,0.2112,390.0,0.2403100775193798,0.5370370370370371
1958,CL,広島東洋カープ,1803809,弘瀬　昌彦,M.Hirose,53.0,53.0,50.0,1.0,6.0,2.0,0.0,0.0,8.0,1.0,0.0,0,1.0,0.0,2.0,0,0.0,19.0,0.0,0.12,0.154,0.16,0.314,4.0,0.04,0.034,0.194,0.0377358490566037,0.3584905660377358,0.1052631578947368,0.1935483870967742,0.1093,207.3333333333333,0.08,0.2272727272727272
1958,CL,読売ジャイアンツ,1903802,坂崎　一彦,K.Sakazaki,108.0,330.0,298.0,30.0,73.0,14.0,3.0,5.0,108.0,28.0,5.0,0,3.0,1.0,24.0,0,4.0,57.0,1.0,0.245,0.309,0.362,0.671,51.0,0.1169999999999999,0.064,0.426,0.0727272727272727,0.1727272727272727,0.4210526315789473,0.2869198312236287,0.22955,429.6666666666666,0.2281879194630872,0.6238938053097345
1958,CL,阪神タイガース,1903806,戸梶　正夫,M.Tokaji,11.0,11.0,11.0,2.0,4.0,0.0,0.0,1.0,7.0,2.0,0.0,0,0.0,0.0,0.0,0,0.0,1.0,1.0,0.364,0.364,0.636,1.0,3.0,0.272,0.0,0.636,0.0,0.0909090909090909,0.0,0.3333333333333333,0.3228,576.0,0.2727272727272727,0.875
1958,CL,東京ヤクルトスワローズ,21023806,平岩　嗣朗,T.Hiraiwa,37.0,51.0,43.0,3.0,5.0,2.0,0.0,0.0,7.0,4.0,0.0,0,1.0,1.0,6.0,0,0.0,12.0,1.0,0.116,0.22,0.163,0.383,3.0,0.047,0.104,0.267,0.1176470588235294,0.2352941176470588,0.5,0.15625,0.13975,274.3333333333333,0.1860465116279069,0.3333333333333333
1958,CL,中日ドラゴンズ,21123806,伊藤　守,M.Itou,4.0,4.0,4.0,0.0,1.0,0.0,0.0,0.0,1.0,0.0,0.0,0,0.0,0.0,0.0,0,0.0,2.0,0.0,0.25,0.25,0.25,0.5,1.0,0.0,0.0,0.25,0.0,0.5,0.0,0.5,0.175,333.3333333333333,0.0,0.3333333333333333
1958,CL,東京ヤクルトスワローズ,21223806,茂木　忠之,T.Motegi,4.0,0.0,0.0,0.0,0.0,0.0,0.0,0.0,0.0,0.0,0.0,0,0.0,0.0,0.0,0,0.0,0.0,0.0,,,,,0.0,,,,,,,,,,,
1958,CL,横浜DeNAベイスターズ,21323800,枝村　勉,T.Edamura,17.0,26.0,25.0,1.0,1.0,1.0,0.0,0.0,2.0,0.0,0.0,0,1.0,0.0,0.0,0,0.0,7.0,0.0,0.04,0.04,0.08,0.12,0.0,0.04,0.0,0.08,0.0,0.2692307692307692,0.0,0.0555555555555555,0.038,66.66666666666667,0.04,0.0833333333333333
1958,CL,横浜DeNAベイスターズ,21323802,岩岡　保宏,Y.Iwaoka,38.0,91.0,87.0,8.0,22.0,2.0,0.0,1.0,27.0,5.0,1.0,0,1.0,0.0,3.0,0,0.0,9.0,4.0,0.253,0.278,0.31,0.588,19.0,0.0569999999999999,0.025,0.335,0.0329670329670329,0.0989010989010989,0.3333333333333333,0.2727272727272727,0.2026,381.33333333333337,0.1034482758620689,0.4492753623188406
1958,CL,東京ヤクルトスワローズ,21323804,桂本　和夫,K.Katsuramoto,7.0,8.0,7.0,1.0,2.0,1.0,0.0,0.0,3.0,0.0,0.0,0,0.0,0.0,0.0,0,1.0,1.0,0.0,0.286,0.375,0.429,0.804,1.0,0.143,0.089,0.518,0.0,0.125,0.0,0.3333333333333333,0.276,518.0,0.2857142857142857,0.8
1958,CL,横浜DeNAベイスターズ,21323809,大石　正彦,M.Ooishi,51.0,86.0,74.0,7.0,11.0,1.0,0.0,3.0,21.0,6.0,0.0,0,4.0,1.0,7.0,0,0.0,19.0,0.0,0.149,0.22,0.284,0.504,7.0,0.1349999999999999,0.071,0.355,0.0813953488372093,0.2209302325581395,0.3684210526315789,0.1509433962264151,0.1699999999999999,314.66666666666663,0.2297297297297297,0.4444444444444444
1958,CL,広島東洋カープ,21323895,小鶴　誠,M.Kozuru,65.0,200.0,174.0,21.0,43.0,4.0,0.0,8.0,71.0,26.0,2.0,0,2.0,5.0,19.0,0,0.0,29.0,8.0,0.247,0.313,0.408,0.721,31.0,0.1609999999999999,0.066,0.474,0.095,0.145,0.6551724137931034,0.2464788732394366,0.24285,449.0,0.2816091954022988,0.6618705035971223
1958,CL,東京ヤクルトスワローズ,21523896,谷田　比呂美,H.Tanida,53.0,107.0,96.0,4.0,20.0,2.0,1.0,1.0,27.0,11.0,1.0,0,3.0,0.0,7.0,0,1.0,20.0,1.0,0.208,0.269,0.281,0.55,16.0,0.073,0.061,0.3420000000000001,0.0654205607476635,0.1869158878504672,0.35,0.2533333333333333,0.1913,362.6666666666667,0.1666666666666666,0.4675324675324675
1958,CL,横浜DeNAベイスターズ,21623800,友川　賢次,K.Tomokawa,76.0,93.0,91.0,11.0,20.0,3.0,1.0,1.0,28.0,4.0,0.0,0,0.0,0.0,1.0,0,1.0,23.0,0.0,0.22,0.237,0.308,0.545,15.0,0.088,0.0169999999999999,0.3249999999999999,0.010752688172043,0.2473118279569892,0.0434782608695652,0.2835820895522388,0.1836499999999999,339.6666666666667,0.1098901098901098,0.4225352112676056
1958,CL,東京ヤクルトスワローズ,21623805,宮地　惟友,Y.Miyaji,40.0,36.0,33.0,2.0,6.0,2.0,0.0,0.0,8.0,2.0,0.0,0,2.0,0.0,1.0,0,0.0,11.0,0.0,0.182,0.206,0.242,0.448,4.0,0.06,0.0239999999999999,0.266,0.0277777777777777,0.3055555555555556,0.0909090909090909,0.2727272727272727,0.1532,286.66666666666663,0.0909090909090909,0.3333333333333333
1958,CL,横浜DeNAベイスターズ,21723802,黒木　弘重,H.Kuroki,15.0,13.0,12.0,1.0,2.0,1.0,0.0,0.0,3.0,0.0,0.0,0,1.0,0.0,0.0,0,0.0,5.0,0.0,0.167,0.167,0.25,0.417,1.0,0.0829999999999999,0.0,0.25,0.0,0.3846153846153846,0.0,0.2857142857142857,0.13765,250.3333333333333,0.0833333333333333,0.3
1958,CL,中日ドラゴンズ,21723804,島津　充,M.Shimazu,5.0,5.0,5.0,0.0,2.0,0.0,0.0,0.0,2.0,0.0,0.0,0,0.0,0.0,0.0,0,0.0,0.0,0.0,0.4,0.4,0.4,0.8,2.0,0.0,0.0,0.4,0.0,0.0,,0.4,0.28,533.3333333333334,0.0,0.6666666666666666
1958,CL,横浜DeNAベイスターズ,21723806,鈴木　隆,T.Suzuki,59.0,87.0,78.0,4.0,7.0,1.0,0.0,0.0,8.0,1.0,0.0,0,4.0,0.0,4.0,0,1.0,34.0,3.0,0.09,0.145,0.103,0.248,6.0,0.0129999999999999,0.0549999999999999,0.1579999999999999,0.0459770114942528,0.3908045977011494,0.1176470588235294,0.1590909090909091,0.091,179.33333333333331,0.0769230769230769,0.1756756756756756
1958,CL,横浜DeNAベイスターズ,21823802,益田　貢,M.Masuda,3.0,2.0,2.0,0.0,0.0,0.0,0.0,0.0,0.0,0.0,0.0,0,0.0,0.0,0.0,0,0.0,1.0,0.0,0.0,0.0,0.0,0.0,0.0,0.0,0.0,0.0,0.0,0.5,0.0,0.0,0.0,0.0,0.0,0.0
1958,CL,横浜DeNAベイスターズ,21823805,吉成　武雄,T.Yoshinari,7.0,2.0,1.0,1.0,0.0,0.0,0.0,0.0,0.0,0.0,0.0,0,0.0,0.0,1.0,0,0.0,0.0,0.0,0.0,0.5,0.0,0.5,0.0,0.0,0.5,0.5,0.5,0.0,,0.0,0.225,500.0,1.0,1.0
1958,CL,読売ジャイアンツ,21923800,国松　彰,A.Kunimatsu,8.0,8.0,7.0,0.0,0.0,0.0,0.0,0.0,0.0,0.0,0.0,0,0.0,0.0,1.0,0,0.0,2.0,0.0,0.0,0.125,0.0,0.125,0.0,0.0,0.125,0.125,0.125,0.25,0.5,0.0,0.05625,125.0,0.1428571428571428,0.1428571428571428
1958,CL,中日ドラゴンズ,21923802,酒井　敏明,T.Sakai,54.0,117.0,105.0,9.0,27.0,4.0,0.0,1.0,34.0,13.0,4.0,0,3.0,1.0,7.0,0,1.0,11.0,1.0,0.257,0.307,0.324,0.631,22.0,0.067,0.0499999999999999,0.374,0.0598290598290598,0.094017094017094,0.6363636363636364,0.2765957446808511,0.21915,415.0,0.1809523809523809,0.5822784810126582
1958,CL,読売ジャイアンツ,21923803,与那嶺　要,K.Yonamine,128.0,532.0,467.0,64.0,137.0,21.0,3.0,8.0,188.0,58.0,3.0,0,7.0,4.0,51.0,0,0.0,77.0,9.0,0.293,0.36,0.403,0.763,105.0,0.11,0.067,0.47,0.0958646616541353,0.1447368421052631,0.6623376623376623,0.3341968911917098,0.26275,494.3333333333333,0.2248394004282655,0.7138643067846607
1958,CL,東京ヤクルトスワローズ,21923809,黒岩　弘,H.Kuroiwa,22.0,7.0,7.0,0.0,1.0,0.0,0.0,0.0,1.0,0.0,0.0,0,0.0,0.0,0.0,0,0.0,3.0,0.0,0.143,0.143,0.143,0.286,1.0,0.0,0.0,0.143,0.0,0.4285714285714285,0.0,0.25,0.1001,190.66666666666663,0.0,0.1666666666666666
1958,CL,阪神タイガース,23123872,藤村　富美男,F.Fujimura,24.0,31.0,26.0,0.0,3.0,0.0,0.0,0.0,3.0,1.0,0.0,0,1.0,0.0,4.0,0,0.0,6.0,1.0,0.115,0.233,0.115,0.348,3.0,0.0,0.118,0.233,0.1290322580645161,0.1935483870967742,0.6666666666666666,0.15,0.1336,271.33333333333337,0.1538461538461538,0.2916666666666667
1958,CL,読売ジャイアンツ,23323800,堀内　庄,S.Horiuchi,43.0,83.0,69.0,7.0,17.0,1.0,0.0,2.0,24.0,9.0,0.0,0,10.0,0.0,2.0,0,2.0,10.0,1.0,0.246,0.288,0.348,0.636,14.0,0.1019999999999999,0.0419999999999999,0.3899999999999999,0.0240963855421686,0.1204819277108433,0.2,0.2631578947368421,0.2166,404.0,0.1594202898550724,0.5283018867924528
1958,CL,広島東洋カープ,23323809,山田　清志,K.Yamada,11.0,1.0,1.0,0.0,0.0,0.0,0.0,0.0,0.0,0.0,0.0,0,0.0,0.0,0.0,0,0.0,0.0,0.0,0.0,0.0,0.0,0.0,0.0,0.0,0.0,0.0,0.0,0.0,,0.0,0.0,0.0,0.0,0.0
1958,CL,広島東洋カープ,23523800,棟居　進,S.Munesue,30.0,51.0,48.0,1.0,12.0,5.0,0.0,0.0,17.0,6.0,0.0,0,2.0,0.0,1.0,0,0.0,16.0,2.0,0.25,0.265,0.354,0.619,7.0,0.1039999999999999,0.015,0.369,0.0196078431372549,0.3137254901960784,0.0625,0.375,0.20775,383.0,0.125,0.4736842105263157
1958,CL,横浜DeNAベイスターズ,23523801,中島　執,M.Nakajima,112.0,242.0,225.0,14.0,48.0,4.0,1.0,1.0,57.0,16.0,1.0,0,5.0,0.0,10.0,0,2.0,38.0,5.0,0.213,0.253,0.253,0.506,42.0,0.04,0.04,0.293,0.0413223140495867,0.1570247933884297,0.2631578947368421,0.2526881720430107,0.1771,337.3333333333333,0.0977777777777777,0.3846153846153846
1958,CL,阪神タイガース,31033804,並木　輝男,T.Namiki,109.0,317.0,276.0,28.0,69.0,10.0,7.0,3.0,102.0,27.0,6.0,0,4.0,2.0,32.0,0,3.0,47.0,3.0,0.25,0.332,0.37,0.702,49.0,0.12,0.082,0.452,0.1009463722397476,0.1482649842271293,0.6808510638297872,0.2894736842105263,0.2419,455.33333333333337,0.2681159420289855,0.680952380952381
1958,CL,広島東洋カープ,31033806,拝藤　宣雄,N.Haidou,21.0,36.0,31.0,3.0,6.0,0.0,0.0,0.0,6.0,0.0,0.0,0,1.0,0.0,4.0,0,0.0,5.0,0.0,0.194,0.286,0.194,0.48,6.0,0.0,0.0919999999999999,0.286,0.1111111111111111,0.1388888888888889,0.8,0.2307692307692307,0.1771999999999999,350.66666666666663,0.1290322580645161,0.4
1958,CL,東京ヤクルトスワローズ,3103809,三林　清二,S.Mitsubayashi,22.0,6.0,6.0,0.0,2.0,1.0,0.0,0.0,3.0,0.0,0.0,0,0.0,0.0,0.0,0,0.0,1.0,0.0,0.333,0.333,0.5,0.833,1.0,0.1669999999999999,0.0,0.5,0.0,0.1666666666666666,0.0,0.4,0.27485,499.6666666666667,0.1666666666666666,0.75
1958,CL,横浜DeNAベイスターズ,3103872,藤井　勇,I.Fujii,12.0,19.0,19.0,1.0,3.0,0.0,0.0,1.0,6.0,1.0,0.0,0,0.0,0.0,0.0,0,0.0,4.0,0.0,0.158,0.158,0.316,0.474,2.0,0.158,0.0,0.316,0.0,0.2105263157894736,0.0,0.1428571428571428,0.1501,263.3333333333333,0.1578947368421052,0.375
1958,CL,横浜DeNAベイスターズ,31133895,青田　昇,N.Aota,76.0,276.0,260.0,21.0,67.0,8.0,0.0,7.0,96.0,30.0,0.0,0,0.0,1.0,14.0,0,1.0,29.0,7.0,0.258,0.297,0.369,0.666,52.0,0.1109999999999999,0.0389999999999999,0.408,0.0507246376811594,0.1050724637681159,0.4827586206896552,0.2666666666666666,0.2259,420.0,0.1692307692307692,0.555
1958,CL,広島東洋カープ,31233806,三原　卓三,T.Mihara,7.0,10.0,10.0,0.0,1.0,0.0,0.0,0.0,1.0,0.0,0.0,0,0.0,0.0,0.0,0,0.0,3.0,0.0,0.1,0.1,0.1,0.2,1.0,0.0,0.0,0.1,0.0,0.3,0.0,0.1428571428571428,0.07,133.33333333333334,0.0,0.1111111111111111
1958,CL,中日ドラゴンズ,31333806,今津　光男,M.Imazu,102.0,278.0,265.0,20.0,46.0,10.0,0.0,3.0,65.0,13.0,5.0,0,8.0,1.0,4.0,0,0.0,47.0,6.0,0.174,0.185,0.245,0.43,33.0,0.071,0.011,0.256,0.014388489208633,0.1690647482014388,0.0851063829787234,0.199074074074074,0.1445,266.6666666666667,0.1056603773584905,0.3288888888888889
1958,CL,阪神タイガース,31333807,石垣　一夫,K.Ishigaki,36.0,47.0,43.0,2.0,5.0,2.0,0.0,0.0,7.0,3.0,0.0,0,1.0,1.0,2.0,0,0.0,10.0,1.0,0.116,0.152,0.163,0.315,3.0,0.047,0.0359999999999999,0.199,0.0425531914893617,0.2127659574468085,0.2,0.1470588235294117,0.10915,206.3333333333333,0.0930232558139534,0.2307692307692307
1958,CL,横浜DeNAベイスターズ,31433805,引地　信之,N.Hikichi,119.0,483.0,438.0,35.0,85.0,10.0,4.0,8.0,127.0,33.0,2.0,0,25.0,2.0,16.0,0,2.0,33.0,7.0,0.194,0.225,0.29,0.515,63.0,0.0959999999999999,0.031,0.3209999999999999,0.0331262939958592,0.0683229813664596,0.4848484848484848,0.1929824561403508,0.17375,321.66666666666663,0.1415525114155251,0.4083333333333333
1958,CL,中日ドラゴンズ,31433806,山根　利明,T.Yamane,1.0,1.0,1.0,0.0,0.0,0.0,0.0,0.0,0.0,0.0,0.0,0,0.0,0.0,0.0,0,0.0,1.0,0.0,0.0,0.0,0.0,0.0,0.0,0.0,0.0,0.0,0.0,1.0,0.0,,0.0,0.0,0.0,0.0
1958,CL,広島東洋カープ,31533800,大和田　明,A.Oowada,120.0,401.0,372.0,39.0,87.0,15.0,7.0,14.0,158.0,45.0,6.0,0,8.0,3.0,17.0,0,1.0,67.0,3.0,0.234,0.267,0.425,0.692,51.0,0.1909999999999999,0.033,0.4579999999999999,0.0423940149625935,0.1670822942643391,0.2537313432835821,0.2482993197278911,0.2264,408.6666666666667,0.2553763440860215,0.6319444444444444
1958,CL,広島東洋カープ,31533806,小坂　佳隆,Y.Kosaka,128.0,527.0,477.0,42.0,112.0,20.0,4.0,4.0,152.0,41.0,9.0,0,8.0,3.0,35.0,0,4.0,68.0,6.0,0.235,0.291,0.319,0.61,84.0,0.084,0.0559999999999999,0.375,0.0664136622390891,0.1290322580645161,0.5147058823529411,0.2647058823529412,0.2107,397.3333333333333,0.1844863731656184,0.5390835579514824
1958,CL,東京ヤクルトスワローズ,31533809,大橋　一郎,I.Oohashi,40.0,41.0,40.0,5.0,9.0,2.0,0.0,0.0,11.0,4.0,1.0,0,0.0,0.0,1.0,0,0.0,9.0,1.0,0.225,0.244,0.275,0.519,7.0,0.05,0.0189999999999999,0.294,0.024390243902439,0.2195121951219512,0.1111111111111111,0.2903225806451613,0.17855,335.6666666666667,0.1,0.40625
1958,CL,読売ジャイアンツ,31633800,土屋　正孝,M.Tsuchiya,100.0,317.0,281.0,42.0,69.0,11.0,2.0,5.0,99.0,24.0,4.0,0,4.0,1.0,31.0,0,0.0,44.0,7.0,0.246,0.319,0.352,0.671,51.0,0.1059999999999999,0.073,0.425,0.0977917981072555,0.138801261829653,0.7045454545454546,0.2746781115879828,0.23155,436.33333333333337,0.2313167259786477,0.6118721461187214
1958,CL,広島東洋カープ,31633805,松山　昇,N.Matsuyama,9.0,5.0,5.0,0.0,1.0,0.0,0.0,0.0,1.0,0.0,0.0,0,0.0,0.0,0.0,0,0.0,1.0,0.0,0.2,0.2,0.2,0.4,1.0,0.0,0.0,0.2,0.0,0.2,0.0,0.25,0.14,266.6666666666667,0.0,0.25
1958,CL,中日ドラゴンズ,31733806,式田　信一,S.Shikita,7.0,8.0,7.0,0.0,0.0,0.0,0.0,0.0,0.0,0.0,0.0,0,0.0,0.0,1.0,0,0.0,1.0,0.0,0.0,0.125,0.0,0.125,0.0,0.0,0.125,0.125,0.125,0.125,1.0,0.0,0.05625,125.0,0.1428571428571428,0.1428571428571428
1958,CL,中日ドラゴンズ,31833800,中山　義朗,Y.Nakayama,44.0,86.0,75.0,5.0,10.0,1.0,1.0,0.0,13.0,5.0,0.0,0,7.0,0.0,4.0,0,0.0,15.0,0.0,0.133,0.177,0.173,0.35,8.0,0.0399999999999999,0.0439999999999999,0.2169999999999999,0.0465116279069767,0.1744186046511628,0.2666666666666666,0.1666666666666666,0.1229,234.66666666666663,0.0933333333333333,0.2615384615384615
1958,CL,中日ドラゴンズ,31833802,法元　英明,H.Houmoto,34.0,42.0,42.0,1.0,7.0,1.0,0.0,0.0,8.0,2.0,0.0,0,0.0,0.0,0.0,0,0.0,3.0,2.0,0.167,0.167,0.19,0.357,6.0,0.0229999999999999,0.0,0.19,0.0,0.0714285714285714,0.0,0.1794871794871795,0.12265,230.3333333333333,0.0238095238095238,0.2162162162162162
1958,CL,阪神タイガース,31833807,吉田　義男,Y.Yoshida,127.0,517.0,455.0,59.0,130.0,17.0,5.0,2.0,163.0,27.0,10.0,0,27.0,1.0,32.0,0,2.0,13.0,8.0,0.286,0.335,0.358,0.693,106.0,0.072,0.049,0.407,0.0618955512572533,0.0251450676982591,2.4615384615384617,0.2902494331065759,0.24025,454.33333333333337,0.1692307692307692,0.6216216216216216
1958,CL,広島東洋カープ,31933806,竹下　元章,M.Takeshita,5.0,5.0,4.0,1.0,2.0,0.0,0.0,0.0,2.0,1.0,0.0,0,0.0,1.0,0.0,0,0.0,0.0,0.0,0.5,0.4,0.5,0.9,2.0,0.0,-0.0999999999999999,0.4,0.0,0.0,,0.4,0.305,566.6666666666666,0.0,1.0
1958,CL,阪神タイガース,31933807,小山　正明,M.Koyama,53.0,110.0,103.0,6.0,17.0,3.0,0.0,1.0,23.0,7.0,0.0,0,5.0,0.0,2.0,0,0.0,25.0,2.0,0.165,0.181,0.223,0.404,13.0,0.0579999999999999,0.0159999999999999,0.239,0.0181818181818181,0.2272727272727272,0.08,0.2077922077922078,0.1372,255.3333333333333,0.0776699029126213,0.2840909090909091
1958,CL,読売ジャイアンツ,31933895,別所　毅彦,T.Bessho,26.0,46.0,41.0,1.0,11.0,3.0,0.0,0.0,14.0,3.0,0.0,0,5.0,0.0,0.0,0,0.0,8.0,1.0,0.268,0.268,0.341,0.609,8.0,0.073,0.0,0.341,0.0,0.1739130434782608,0.0,0.3333333333333333,0.20585,381.6666666666667,0.073170731707317,0.4516129032258064
1958,CL,東京ヤクルトスワローズ,3203801,松田　清,K.Matsuda,103.0,306.0,259.0,33.0,62.0,9.0,3.0,3.0,86.0,15.0,5.0,0,3.0,1.0,42.0,0,1.0,47.0,4.0,0.239,0.347,0.332,0.679,47.0,0.093,0.1079999999999999,0.44,0.1372549019607843,0.15359477124183,0.8936170212765957,0.2809523809523809,0.2391499999999999,457.6666666666667,0.277992277992278,0.6666666666666666
1958,CL,中日ドラゴンズ,33233801,本多　逸郎,I.Honda,112.0,408.0,364.0,33.0,95.0,14.0,3.0,1.0,118.0,21.0,16.0,0,10.0,3.0,30.0,0,1.0,29.0,3.0,0.261,0.317,0.324,0.641,77.0,0.063,0.0559999999999999,0.38,0.0735294117647058,0.071078431372549,1.0344827586206895,0.2789317507418398,0.22365,425.0,0.1923076923076923,0.6066176470588235
1958,CL,阪神タイガース,33533809,横山　光次,K.Yokoyama,113.0,365.0,327.0,28.0,78.0,12.0,1.0,5.0,107.0,45.0,2.0,0,9.0,4.0,22.0,0,3.0,46.0,8.0,0.239,0.289,0.327,0.616,60.0,0.088,0.0499999999999999,0.377,0.0602739726027397,0.1260273972602739,0.4782608695652174,0.2607142857142857,0.2118,398.0,0.1712538226299694,0.5214007782101168
1958,CL,阪神タイガース,3503801,徳網　茂,S.Tokuami,52.0,116.0,113.0,4.0,15.0,0.0,0.0,0.0,15.0,6.0,0.0,0,1.0,0.0,2.0,0,0.0,6.0,5.0,0.133,0.148,0.133,0.281,15.0,0.0,0.0149999999999999,0.148,0.0172413793103448,0.0517241379310344,0.3333333333333333,0.1401869158878504,0.09985,192.3333333333333,0.0176991150442477,0.1650485436893204
1958,CL,広島東洋カープ,3703800,横溝　桂,K.Yokomizo,2.0,4.0,4.0,1.0,2.0,0.0,0.0,0.0,2.0,0.0,0.0,0,0.0,0.0,0.0,0,0.0,1.0,0.0,0.5,0.5,0.5,1.0,2.0,0.0,0.0,0.5,0.0,0.25,0.0,0.6666666666666666,0.35,666.6666666666666,0.0,1.0
1958,CL,中日ドラゴンズ,41043806,広島　衛,M.Hiroshima,9.0,2.0,2.0,0.0,0.0,0.0,0.0,0.0,0.0,0.0,0.0,0,0.0,0.0,0.0,0,0.0,1.0,0.0,0.0,0.0,0.0,0.0,0.0,0.0,0.0,0.0,0.0,0.5,0.0,0.0,0.0,0.0,0.0,0.0
1958,CL,阪神タイガース,41143804,石川　良照,Y.Ishikawa,34.0,41.0,39.0,1.0,11.0,1.0,0.0,0.0,12.0,3.0,0.0,0,2.0,0.0,0.0,0,0.0,15.0,0.0,0.282,0.282,0.308,0.59,10.0,0.026,0.0,0.308,0.0,0.3658536585365853,0.0,0.4583333333333333,0.2038999999999999,384.6666666666666,0.0256410256410256,0.4285714285714285
1958,CL,読売ジャイアンツ,41243804,藤田　元司,M.Fujita,58.0,131.0,110.0,6.0,14.0,3.0,1.0,0.0,19.0,4.0,0.0,0,16.0,0.0,5.0,0,0.0,48.0,0.0,0.127,0.165,0.173,0.338,10.0,0.0459999999999999,0.038,0.211,0.0381679389312977,0.366412213740458,0.1041666666666666,0.2258064516129032,0.1175,222.66666666666669,0.0909090909090909,0.25
1958,CL,横浜DeNAベイスターズ,41243807,二宮　政昭,M.Ninomiya,17.0,28.0,24.0,1.0,5.0,1.0,0.0,0.0,6.0,1.0,0.0,0,0.0,0.0,3.0,0,1.0,9.0,0.0,0.208,0.321,0.25,0.571,4.0,0.042,0.113,0.363,0.1071428571428571,0.3214285714285714,0.3333333333333333,0.3333333333333333,0.20695,404.3333333333333,0.2083333333333333,0.5263157894736842
1958,CL,阪神タイガース,41343804,鎌田　実,M.Kamata,67.0,139.0,128.0,9.0,23.0,4.0,3.0,1.0,36.0,13.0,1.0,0,6.0,1.0,3.0,0,1.0,18.0,0.0,0.18,0.203,0.281,0.484,15.0,0.101,0.023,0.304,0.0215827338129496,0.1294964028776978,0.1666666666666666,0.2,0.1616,296.6666666666667,0.140625,0.3904761904761905
1958,CL,広島東洋カープ,41343806,菊地　武和,T.Kikuchi,1.0,0.0,0.0,0.0,0.0,0.0,0.0,0.0,0.0,0.0,0.0,0,0.0,0.0,0.0,0,0.0,0.0,0.0,,,,,0.0,,,,,,,,,,,
1958,CL,中日ドラゴンズ,41343898,杉下　茂,S.Sugishita,46.0,69.0,64.0,1.0,10.0,1.0,0.0,0.0,11.0,6.0,0.0,0,3.0,2.0,0.0,0,0.0,16.0,0.0,0.156,0.152,0.172,0.324,9.0,0.0159999999999999,-0.004,0.1679999999999999,0.0,0.2318840579710145,0.0,0.2,0.1114,209.3333333333333,0.015625,0.2037037037037037
1958,CL,東京ヤクルトスワローズ,41443804,村田　元一,G.Murata,62.0,111.0,98.0,2.0,10.0,2.0,0.0,0.0,12.0,2.0,0.0,0,9.0,0.0,4.0,0,0.0,26.0,1.0,0.102,0.137,0.122,0.259,8.0,0.02,0.035,0.157,0.036036036036036,0.2342342342342342,0.1538461538461538,0.1388888888888889,0.09215,177.66666666666666,0.0612244897959183,0.1797752808988764
1958,CL,中日ドラゴンズ,41443805,牧野　茂,S.Makino,74.0,116.0,95.0,12.0,19.0,3.0,0.0,0.0,22.0,3.0,2.0,0,3.0,0.0,18.0,0,0.0,14.0,2.0,0.2,0.327,0.232,0.559,16.0,0.032,0.127,0.359,0.1551724137931034,0.1206896551724138,1.2857142857142858,0.2345679012345679,0.20515,404.3333333333333,0.2421052631578947,0.5384615384615384
1958,CL,中日ドラゴンズ,41543802,太田　文高,F.Oota,27.0,37.0,35.0,3.0,5.0,1.0,0.0,1.0,9.0,2.0,2.0,0,0.0,0.0,1.0,0,1.0,8.0,0.0,0.143,0.189,0.257,0.446,3.0,0.114,0.046,0.303,0.027027027027027,0.2162162162162162,0.125,0.1538461538461538,0.1493,274.6666666666667,0.2285714285714285,0.4333333333333333
1958,CL,東京ヤクルトスワローズ,41543804,高屋　俊夫,T.Kouya,1.0,0.0,0.0,0.0,0.0,0.0,0.0,0.0,0.0,0.0,0.0,0,0.0,0.0,0.0,0,0.0,0.0,0.0,,,,,0.0,,,,,,,,,,,
1958,CL,阪神タイガース,41543806,西能　勇夫,I.Sainou,1.0,0.0,0.0,0.0,0.0,0.0,0.0,0.0,0.0,0.0,0.0,0,0.0,0.0,0.0,0,0.0,0.0,0.0,,,,,0.0,,,,,,,,,,,
1958,CL,中日ドラゴンズ,41543809,岡嶋　博治,H.Okajima,130.0,571.0,480.0,86.0,129.0,28.0,3.0,16.0,211.0,40.0,23.0,0,2.0,2.0,84.0,0,3.0,74.0,1.0,0.269,0.38,0.44,0.82,82.0,0.1709999999999999,0.1109999999999999,0.5509999999999999,0.1471103327495621,0.1295971978984238,1.135135135135135,0.288265306122449,0.281,526.6666666666666,0.4,0.9119318181818182
1958,CL,中日ドラゴンズ,41643800,中　暁生,T.Naka,97.0,391.0,339.0,47.0,84.0,15.0,2.0,5.0,118.0,24.0,7.0,0,28.0,5.0,16.0,0,2.0,19.0,2.0,0.248,0.282,0.348,0.63,62.0,0.0999999999999999,0.0339999999999999,0.3819999999999999,0.0409207161125319,0.0485933503836317,0.8421052631578947,0.246875,0.2138999999999999,398.0,0.1740412979351032,0.556420233463035
1958,CL,読売ジャイアンツ,41743801,大友　工司,K.Ootomo,12.0,12.0,11.0,0.0,1.0,0.0,0.0,0.0,1.0,0.0,0.0,0,1.0,0.0,0.0,0,0.0,3.0,0.0,0.091,0.091,0.091,0.182,1.0,0.0,0.0,0.091,0.0,0.25,0.0,0.125,0.0637,121.33333333333331,0.0,0.1
1958,CL,東京ヤクルトスワローズ,41743803,箱田　淳,J.Hakoda,130.0,543.0,513.0,49.0,139.0,13.0,3.0,9.0,185.0,38.0,10.0,0,3.0,3.0,24.0,0,0.0,41.0,11.0,0.271,0.302,0.361,0.663,114.0,0.0899999999999999,0.0309999999999999,0.3919999999999999,0.0441988950276243,0.0755064456721915,0.5853658536585366,0.278969957081545,0.22615,422.3333333333333,0.1559454191033138,0.5688311688311688
1958,CL,横浜DeNAベイスターズ,41743804,関口　一郎,I.Sekiguchi,14.0,9.0,9.0,0.0,1.0,0.0,0.0,0.0,1.0,0.0,1.0,0,0.0,0.0,0.0,0,0.0,1.0,0.0,0.111,0.111,0.111,0.222,1.0,0.0,0.0,0.111,0.0,0.1111111111111111,0.0,0.125,0.0777,148.0,0.1111111111111111,0.25
1958,CL,中日ドラゴンズ,41743806,鈴木　義文,Y.Suzuki,25.0,24.0,24.0,1.0,3.0,0.0,0.0,0.0,3.0,0.0,1.0,0,0.0,0.0,0.0,0,0.0,4.0,0.0,0.125,0.125,0.125,0.25,3.0,0.0,0.0,0.125,0.0,0.1666666666666666,0.0,0.15,0.0875,166.66666666666666,0.0416666666666666,0.1904761904761904
1958,CL,広島東洋カープ,41843800,橋本　敬包,N.Hashimoto,43.0,49.0,46.0,0.0,1.0,0.0,0.0,0.0,1.0,0.0,0.0,0,1.0,0.0,2.0,0,0.0,21.0,0.0,0.022,0.062,0.022,0.084,1.0,0.0,0.04,0.062,0.0408163265306122,0.4285714285714285,0.0952380952380952,0.04,0.0334,69.33333333333333,0.0434782608695652,0.0666666666666666
1958,CL,阪神タイガース,41843807,渡辺　省三,S.Watanabe,43.0,67.0,64.0,2.0,5.0,0.0,0.0,1.0,8.0,2.0,0.0,0,3.0,0.0,0.0,0,0.0,23.0,1.0,0.078,0.078,0.125,0.203,4.0,0.047,0.0,0.125,0.0,0.3432835820895522,0.0,0.1,0.0663499999999999,119.66666666666669,0.046875,0.1333333333333333
1958,CL,阪神タイガース,41943806,遠井　吾郎,G.Tooi,9.0,10.0,10.0,2.0,4.0,2.0,0.0,0.0,6.0,0.0,0.0,0,0.0,0.0,0.0,0,0.0,2.0,0.0,0.4,0.4,0.6,1.0,2.0,0.1999999999999999,0.0,0.6,0.0,0.2,0.0,0.5,0.33,600.0,0.2,1.0
1958,CL,読売ジャイアンツ,43543800,森　昌彦,M.Mori,30.0,66.0,64.0,6.0,19.0,6.0,1.0,1.0,30.0,6.0,1.0,0,0.0,0.0,2.0,0,0.0,17.0,2.0,0.297,0.318,0.469,0.787,11.0,0.172,0.021,0.49,0.0303030303030303,0.2575757575757575,0.1176470588235294,0.391304347826087,0.2603499999999999,474.3333333333333,0.21875,0.7021276595744681
1958,CL,東京ヤクルトスワローズ,43543809,渡辺　礼次郎,R.Watanabe,99.0,320.0,285.0,26.0,63.0,6.0,5.0,1.0,82.0,11.0,2.0,0,7.0,2.0,23.0,0,3.0,45.0,5.0,0.221,0.284,0.288,0.572,51.0,0.0669999999999999,0.0629999999999999,0.351,0.071875,0.140625,0.5111111111111111,0.2572614107883817,0.1997999999999999,380.0,0.1649122807017544,0.4845814977973568
1958,CL,広島東洋カープ,43743801,長谷川　良平,R.Hasegawa,33.0,64.0,62.0,4.0,11.0,1.0,0.0,0.0,12.0,0.0,0.0,0,2.0,0.0,0.0,0,0.0,10.0,0.0,0.177,0.177,0.194,0.371,10.0,0.017,0.0,0.194,0.0,0.15625,0.0,0.2115384615384615,0.12815,241.66666666666663,0.0161290322580645,0.2352941176470588
1958,CL,読売ジャイアンツ,51053800,後藤　修,O.Gotou,1.0,1.0,1.0,0.0,0.0,0.0,0.0,0.0,0.0,0.0,0.0,0,0.0,0.0,0.0,0,0.0,0.0,0.0,0.0,0.0,0.0,0.0,0.0,0.0,0.0,0.0,0.0,0.0,,0.0,0.0,0.0,0.0,0.0
1958,CL,阪神タイガース,51053804,西岡　修司,S.Nishioka,2.0,1.0,1.0,0.0,0.0,0.0,0.0,0.0,0.0,0.0,0.0,0,0.0,0.0,0.0,0,0.0,1.0,0.0,0.0,0.0,0.0,0.0,0.0,0.0,0.0,0.0,0.0,1.0,0.0,,0.0,0.0,0.0,0.0
1958,CL,中日ドラゴンズ,51053806,原田　享,M.Harada,29.0,43.0,41.0,3.0,7.0,1.0,0.0,1.0,11.0,2.0,0.0,0,1.0,0.0,1.0,0,0.0,9.0,1.0,0.171,0.19,0.268,0.458,5.0,0.097,0.0189999999999999,0.287,0.0232558139534883,0.2093023255813953,0.1111111111111111,0.1935483870967742,0.1525,279.3333333333333,0.1219512195121951,0.3428571428571428
1958,CL,広島東洋カープ,51153802,阿南　準郎,J.Anan,37.0,113.0,97.0,13.0,22.0,2.0,0.0,2.0,30.0,7.0,2.0,0,2.0,4.0,10.0,0,0.0,11.0,3.0,0.227,0.288,0.309,0.597,18.0,0.0819999999999999,0.0609999999999999,0.37,0.0884955752212389,0.0973451327433628,0.9090909090909092,0.2272727272727272,0.2068499999999999,391.0,0.2061855670103092,0.5384615384615384
1958,CL,広島東洋カープ,51153806,赤井　勝利,K.Akai,1.0,0.0,0.0,0.0,0.0,0.0,0.0,0.0,0.0,0.0,0.0,0,0.0,0.0,0.0,0,0.0,0.0,0.0,,,,,0.0,,,,,,,,,,,
1958,CL,東京ヤクルトスワローズ,51153807,青山　浩,H.Aoyama,26.0,27.0,24.0,3.0,2.0,1.0,0.0,0.0,3.0,0.0,2.0,0,0.0,0.0,3.0,0,0.0,5.0,2.0,0.083,0.185,0.125,0.31,1.0,0.0419999999999999,0.102,0.2269999999999999,0.1111111111111111,0.1851851851851851,0.6,0.1052631578947368,0.1145,226.66666666666663,0.25,0.3333333333333333
1958,CL,東京ヤクルトスワローズ,51153809,阿井　利治,T.Ai,5.0,5.0,5.0,0.0,0.0,0.0,0.0,0.0,0.0,0.0,0.0,0,0.0,0.0,0.0,0,0.0,1.0,0.0,0.0,0.0,0.0,0.0,0.0,0.0,0.0,0.0,0.0,0.2,0.0,0.0,0.0,0.0,0.0,0.0
1958,CL,中日ドラゴンズ,51253809,田原　藤太郎,T.Tahara,28.0,17.0,15.0,0.0,2.0,0.0,0.0,0.0,2.0,0.0,0.0,0,2.0,0.0,0.0,0,0.0,6.0,0.0,0.133,0.133,0.133,0.266,2.0,0.0,0.0,0.133,0.0,0.3529411764705882,0.0,0.2222222222222222,0.0931,177.33333333333334,0.0,0.1538461538461538
1958,CL,広島東洋カープ,51453805,広岡　富夫,T.Hirooka,82.0,244.0,224.0,20.0,46.0,10.0,4.0,5.0,79.0,23.0,2.0,0,4.0,2.0,13.0,0,1.0,38.0,3.0,0.205,0.25,0.353,0.603,27.0,0.148,0.045,0.398,0.0532786885245901,0.1557377049180328,0.3421052631578947,0.2240437158469945,0.2007499999999999,367.6666666666666,0.21875,0.5248618784530387
1958,CL,横浜DeNAベイスターズ,51553800,岡田　守雄,M.Okada,80.0,215.0,203.0,17.0,46.0,12.0,5.0,1.0,71.0,21.0,2.0,0,4.0,1.0,7.0,0,0.0,35.0,4.0,0.227,0.251,0.35,0.601,28.0,0.1229999999999999,0.0239999999999999,0.374,0.0325581395348837,0.1627906976744186,0.2,0.2678571428571428,0.20045,367.6666666666666,0.167487684729064,0.4968944099378882
1958,CL,読売ジャイアンツ,51553806,小松　俊広,T.Komatsu,14.0,7.0,7.0,0.0,2.0,0.0,0.0,0.0,2.0,1.0,0.0,0,0.0,0.0,0.0,0,0.0,2.0,0.0,0.286,0.286,0.286,0.572,2.0,0.0,0.0,0.286,0.0,0.2857142857142857,0.0,0.4,0.2002,381.3333333333333,0.0,0.4
1958,CL,阪神タイガース,51553896,白坂　長栄,C.Shirasaka,10.0,2.0,2.0,0.0,0.0,0.0,0.0,0.0,0.0,0.0,0.0,0,0.0,0.0,0.0,0,0.0,0.0,0.0,0.0,0.0,0.0,0.0,0.0,0.0,0.0,0.0,0.0,0.0,,0.0,0.0,0.0,0.0,0.0
1958,CL,中日ドラゴンズ,51753800,川崎　啓之介,K.Kawasaki,42.0,69.0,65.0,1.0,10.0,2.0,0.0,0.0,12.0,1.0,1.0,0,2.0,0.0,2.0,0,0.0,7.0,0.0,0.154,0.179,0.185,0.364,8.0,0.031,0.0249999999999999,0.21,0.0289855072463768,0.1014492753623188,0.2857142857142857,0.1724137931034483,0.1268,240.66666666666663,0.0769230769230769,0.2727272727272727
1958,CL,読売ジャイアンツ,51753802,木戸　美摸,Y.Kido,13.0,11.0,10.0,1.0,3.0,1.0,0.0,0.0,4.0,0.0,0.0,0,1.0,0.0,0.0,0,0.0,4.0,0.0,0.3,0.3,0.4,0.7,2.0,0.1,0.0,0.4,0.0,0.3636363636363636,0.0,0.5,0.235,433.33333333333337,0.1,0.5714285714285714
1958,CL,横浜DeNAベイスターズ,51753804,坂本　盛明,M.Sakamoto,6.0,9.0,8.0,0.0,0.0,0.0,0.0,0.0,0.0,0.0,0.0,0,0.0,0.0,0.0,0,1.0,4.0,0.0,0.0,0.111,0.0,0.111,0.0,0.0,0.111,0.111,0.0,0.4444444444444444,0.0,0.0,0.04995,111.0,0.125,0.125
1958,CL,横浜DeNAベイスターズ,51753806,島田　源太郎,G.Shimada,12.0,7.0,4.0,0.0,0.0,0.0,0.0,0.0,0.0,0.0,0.0,0,2.0,0.0,1.0,0,0.0,3.0,0.0,0.0,0.2,0.0,0.2,0.0,0.0,0.2,0.2,0.1428571428571428,0.4285714285714285,0.3333333333333333,0.0,0.09,200.0,0.25,0.25
1958,CL,中日ドラゴンズ,51753896,原田　督三,T.Harada,11.0,7.0,7.0,0.0,0.0,0.0,0.0,0.0,0.0,0.0,0.0,0,0.0,0.0,0.0,0,0.0,1.0,0.0,0.0,0.0,0.0,0.0,0.0,0.0,0.0,0.0,0.0,0.1428571428571428,0.0,0.0,0.0,0.0,0.0,0.0
1958,CL,阪神タイガース,51853800,西村　一孔,K.Nishimura,13.0,3.0,3.0,0.0,1.0,0.0,0.0,0.0,1.0,0.0,0.0,0,0.0,0.0,0.0,0,0.0,1.0,0.0,0.333,0.333,0.333,0.666,1.0,0.0,0.0,0.333,0.0,0.3333333333333333,0.0,0.5,0.2331,444.0,0.0,0.5
1958,CL,広島東洋カープ,51953800,木下　強三,K.Kinoshita,52.0,96.0,84.0,4.0,14.0,3.0,0.0,0.0,17.0,7.0,2.0,0,2.0,0.0,9.0,0,1.0,14.0,0.0,0.167,0.255,0.202,0.457,11.0,0.035,0.088,0.29,0.09375,0.1458333333333333,0.6428571428571429,0.2,0.16525,322.33333333333337,0.1785714285714285,0.4142857142857143
1958,CL,阪神タイガース,51953804,辰市　邦輔,K.Tatsuichi,46.0,137.0,123.0,19.0,26.0,4.0,1.0,1.0,35.0,5.0,2.0,0,2.0,1.0,9.0,0,2.0,23.0,0.0,0.211,0.274,0.285,0.559,20.0,0.0739999999999999,0.063,0.348,0.0656934306569343,0.1678832116788321,0.391304347826087,0.25,0.19455,369.0,0.1788617886178861,0.4948453608247423
1958,CL,横浜DeNAベイスターズ,51953806,谷野　彰,A.Tanino,20.0,25.0,24.0,3.0,4.0,0.0,0.0,0.0,4.0,1.0,1.0,0,0.0,0.0,1.0,0,0.0,8.0,0.0,0.167,0.2,0.167,0.367,4.0,0.0,0.033,0.2,0.04,0.32,0.125,0.25,0.13175,255.6666666666667,0.0833333333333333,0.3
1958,CL,横浜DeNAベイスターズ,51953807,権藤　正利,M.Gondou,28.0,40.0,38.0,2.0,4.0,1.0,0.0,0.0,5.0,3.0,0.0,0,2.0,0.0,0.0,0,0.0,10.0,0.0,0.105,0.105,0.132,0.237,3.0,0.027,0.0,0.132,0.0,0.25,0.0,0.1428571428571428,0.08025,149.0,0.0263157894736842,0.1470588235294117
1958,CL,読売ジャイアンツ,53353809,安原　達佳,T.Yasuhara,39.0,68.0,63.0,7.0,15.0,1.0,0.0,3.0,25.0,8.0,0.0,0,4.0,1.0,0.0,0,0.0,19.0,1.0,0.238,0.234,0.397,0.631,11.0,0.159,-0.0039999999999999,0.393,0.0,0.2794117647058823,0.0,0.2857142857142857,0.20455,366.33333333333337,0.1587301587301587,0.5102040816326531
1958,CL,横浜DeNAベイスターズ,53753800,山村　幹弘,M.Yamamura,29.0,42.0,41.0,3.0,4.0,1.0,0.0,0.0,5.0,1.0,0.0,0,0.0,1.0,0.0,0,0.0,5.0,2.0,0.098,0.095,0.122,0.217,3.0,0.0239999999999999,-0.003,0.119,0.0,0.119047619047619,0.0,0.1081081081081081,0.07325,135.66666666666666,0.024390243902439,0.1282051282051282
1958,CL,広島東洋カープ,53953801,服部　武夫,T.Hattori,4.0,4.0,4.0,0.0,0.0,0.0,0.0,0.0,0.0,0.0,0.0,0,0.0,0.0,0.0,0,0.0,1.0,0.0,0.0,0.0,0.0,0.0,0.0,0.0,0.0,0.0,0.0,0.25,0.0,0.0,0.0,0.0,0.0,0.0
1958,CL,読売ジャイアンツ,61063802,十時　啓視,K.Totoki,29.0,25.0,24.0,0.0,2.0,1.0,0.0,0.0,3.0,0.0,0.0,0,0.0,0.0,1.0,0,0.0,8.0,0.0,0.083,0.12,0.125,0.245,1.0,0.0419999999999999,0.0369999999999999,0.1619999999999999,0.04,0.32,0.125,0.125,0.0852499999999999,161.66666666666666,0.0833333333333333,0.1818181818181818
1958,CL,阪神タイガース,61063806,星山　晋徳,S.Hoshiyama,19.0,14.0,14.0,0.0,1.0,0.0,0.0,0.0,1.0,0.0,0.0,0,0.0,0.0,0.0,0,0.0,6.0,0.0,0.071,0.071,0.071,0.142,1.0,0.0,0.0,0.071,0.0,0.4285714285714285,0.0,0.125,0.0496999999999999,94.66666666666666,0.0,0.0769230769230769
1958,CL,東京ヤクルトスワローズ,61063809,田代　照勝,T.Tashiro,2.0,0.0,0.0,0.0,0.0,0.0,0.0,0.0,0.0,0.0,0.0,0,0.0,0.0,0.0,0,0.0,0.0,0.0,,,,,0.0,,,,,,,,,,,
1958,CL,中日ドラゴンズ,61163800,石川　緑,M.Ishikawa,8.0,4.0,4.0,0.0,2.0,0.0,0.0,0.0,2.0,1.0,0.0,0,0.0,0.0,0.0,0,0.0,1.0,0.0,0.5,0.5,0.5,1.0,2.0,0.0,0.0,0.5,0.0,0.25,0.0,0.6666666666666666,0.35,666.6666666666666,0.0,1.0
1958,CL,横浜DeNAベイスターズ,61163806,石井　登,N.Ishii,41.0,94.0,86.0,7.0,12.0,4.0,0.0,2.0,22.0,9.0,0.0,0,2.0,1.0,3.0,0,2.0,22.0,3.0,0.14,0.185,0.256,0.441,6.0,0.1159999999999999,0.0449999999999999,0.301,0.0319148936170212,0.2340425531914893,0.1363636363636363,0.1587301587301587,0.14725,270.3333333333333,0.1744186046511628,0.3506493506493506
1958,CL,中日ドラゴンズ,61163807,井上　登,N.Inoue,126.0,532.0,489.0,63.0,137.0,25.0,5.0,18.0,226.0,54.0,7.0,0,6.0,5.0,32.0,0,0.0,44.0,9.0,0.28,0.321,0.462,0.783,89.0,0.182,0.0409999999999999,0.503,0.0601503759398496,0.0827067669172932,0.7272727272727273,0.2754629629629629,0.25995,475.0,0.261758691206544,0.7340720221606648
1958,CL,中日ドラゴンズ,61263806,森　徹,T.Mori,112.0,447.0,421.0,46.0,104.0,18.0,1.0,23.0,193.0,73.0,7.0,0,3.0,2.0,18.0,0,3.0,85.0,9.0,0.247,0.282,0.458,0.74,62.0,0.211,0.0349999999999999,0.493,0.0402684563758389,0.1901565995525727,0.2117647058823529,0.2571428571428571,0.2414,434.6666666666666,0.2779097387173396,0.6779141104294478
1958,CL,広島東洋カープ,61363802,鵜狩　道旺,M.Ugari,39.0,49.0,43.0,1.0,6.0,1.0,0.0,0.0,7.0,1.0,0.0,0,2.0,0.0,4.0,0,0.0,11.0,0.0,0.14,0.213,0.163,0.376,5.0,0.0229999999999999,0.0729999999999999,0.236,0.0816326530612244,0.2244897959183673,0.3636363636363636,0.1875,0.1366,267.3333333333333,0.1162790697674418,0.2972972972972973
1958,CL,東京ヤクルトスワローズ,61363805,大脇　照夫,T.Oowaki,34.0,36.0,32.0,1.0,7.0,0.0,0.0,0.0,7.0,0.0,0.0,0,2.0,0.0,2.0,0,0.0,12.0,0.0,0.219,0.265,0.219,0.484,7.0,0.0,0.046,0.265,0.0555555555555555,0.3333333333333333,0.1666666666666666,0.35,0.174,338.0,0.0625,0.36
1958,CL,阪神タイガース,61363898,田宮　謙次郎,K.Tamiya,120.0,459.0,387.0,57.0,124.0,33.0,9.0,11.0,208.0,62.0,4.0,0,2.0,4.0,60.0,0,6.0,28.0,6.0,0.32,0.416,0.537,0.953,71.0,0.217,0.0959999999999999,0.633,0.130718954248366,0.0610021786492374,2.142857142857143,0.3210227272727273,0.32145,595.0,0.3979328165374677,1.033457249070632
1958,CL,東京ヤクルトスワローズ,61463805,町田　行彦,Y.Machida,117.0,442.0,388.0,40.0,80.0,15.0,4.0,8.0,127.0,33.0,2.0,0,0.0,2.0,51.0,0,1.0,76.0,4.0,0.206,0.299,0.327,0.626,53.0,0.121,0.093,0.42,0.1153846153846153,0.171945701357466,0.6710526315789473,0.2352941176470588,0.2163,408.0,0.2603092783505155,0.5801282051282052
1958,CL,阪神タイガース,61763800,河津　憲一,K.Kawazu,79.0,141.0,123.0,13.0,30.0,5.0,2.0,3.0,48.0,10.0,2.0,0,2.0,2.0,14.0,0,0.0,34.0,5.0,0.244,0.317,0.39,0.707,20.0,0.146,0.073,0.463,0.0992907801418439,0.2411347517730496,0.4117647058823529,0.3068181818181818,0.24015,447.0,0.2764227642276423,0.6530612244897959
1958,CL,東京ヤクルトスワローズ,61763805,佐藤　孝夫,T.Satou,125.0,456.0,398.0,46.0,92.0,14.0,1.0,13.0,147.0,42.0,8.0,0,4.0,4.0,48.0,0,2.0,71.0,17.0,0.231,0.314,0.369,0.683,64.0,0.1379999999999999,0.0829999999999999,0.4519999999999999,0.1052631578947368,0.1557017543859649,0.676056338028169,0.2484276729559748,0.23355,437.0,0.2839195979899497,0.6346749226006192
1958,CL,横浜DeNAベイスターズ,61763898,目時　春雄,H.Metoki,68.0,154.0,142.0,5.0,24.0,5.0,1.0,2.0,37.0,14.0,0.0,0,1.0,0.0,10.0,0,1.0,32.0,2.0,0.169,0.229,0.261,0.49,16.0,0.092,0.06,0.321,0.0649350649350649,0.2077922077922078,0.3125,0.2037037037037037,0.1683,316.0,0.1690140845070422,0.4
1958,CL,横浜DeNAベイスターズ,61863802,松井　武雄,T.Matsui,3.0,0.0,0.0,0.0,0.0,0.0,0.0,0.0,0.0,0.0,0.0,0,0.0,0.0,0.0,0,0.0,0.0,0.0,,,,,0.0,,,,,,,,,,,
1958,CL,阪神タイガース,61963804,中村　和臣,K.Nakamura,37.0,27.0,27.0,0.0,1.0,0.0,0.0,0.0,1.0,0.0,0.0,0,0.0,0.0,0.0,0,0.0,13.0,0.0,0.037,0.037,0.037,0.074,1.0,0.0,0.0,0.037,0.0,0.4814814814814814,0.0,0.0714285714285714,0.0259,49.333333333333336,0.0,0.0384615384615384
1958,CL,東京ヤクルトスワローズ,61963806,永井　亮,T.Nagai,1.0,0.0,0.0,0.0,0.0,0.0,0.0,0.0,0.0,0.0,0.0,0,0.0,0.0,0.0,0,0.0,0.0,0.0,,,,,0.0,,,,,,,,,,,
1958,CL,読売ジャイアンツ,63163802,義原　武敏,T.Yoshihara,38.0,41.0,37.0,2.0,8.0,2.0,0.0,1.0,13.0,2.0,0.0,0,2.0,0.0,2.0,0,0.0,12.0,0.0,0.216,0.256,0.351,0.607,5.0,0.1349999999999999,0.04,0.391,0.048780487804878,0.2926829268292683,0.1666666666666666,0.2916666666666667,0.20295,373.0,0.1891891891891892,0.5172413793103449
1958,CL,広島東洋カープ,71073800,佐川　守一,M.Sagawa,1.0,0.0,0.0,0.0,0.0,0.0,0.0,0.0,0.0,0.0,0.0,0,0.0,0.0,0.0,0,0.0,0.0,0.0,,,,,0.0,,,,,,,,,,,
1958,CL,東京ヤクルトスワローズ,71073801,金田　正一,M.Kaneda,60.0,131.0,123.0,10.0,20.0,1.0,1.0,2.0,29.0,12.0,0.0,0,3.0,2.0,3.0,0,0.0,20.0,0.0,0.163,0.18,0.236,0.416,16.0,0.0729999999999999,0.0169999999999999,0.253,0.0229007633587786,0.1526717557251908,0.15,0.174757281553398,0.14,258.66666666666663,0.0975609756097561,0.3106796116504854
1958,CL,東京ヤクルトスワローズ,71173806,赤池　彰敏,A.Akaike,5.0,3.0,2.0,0.0,1.0,0.0,0.0,0.0,1.0,0.0,0.0,0,0.0,0.0,1.0,0,0.0,1.0,0.0,0.5,0.667,0.5,1.167,1.0,0.0,0.167,0.667,0.3333333333333333,0.3333333333333333,1.0,1.0,0.42515,833.6666666666666,0.5,2.0
1958,CL,読売ジャイアンツ,71373804,加藤　克巳,K.Katou,1.0,0.0,0.0,0.0,0.0,0.0,0.0,0.0,0.0,0.0,0.0,0,0.0,0.0,0.0,0,0.0,0.0,0.0,,,,,0.0,,,,,,,,,,,
1958,CL,阪神タイガース,71473802,西山　和良,K.Nishiyama,84.0,176.0,166.0,21.0,48.0,12.0,2.0,7.0,85.0,18.0,0.0,0,1.0,2.0,7.0,0,0.0,15.0,3.0,0.289,0.314,0.512,0.826,27.0,0.223,0.025,0.537,0.0397727272727272,0.0852272727272727,0.4666666666666667,0.2808219178082192,0.2693,484.6666666666667,0.2650602409638554,0.7603305785123967
1958,CL,中日ドラゴンズ,71473806,横地　由松,Y.Yokochi,7.0,7.0,6.0,0.0,0.0,0.0,0.0,0.0,0.0,0.0,0.0,0,0.0,0.0,1.0,0,0.0,1.0,0.0,0.0,0.143,0.0,0.143,0.0,0.0,0.143,0.143,0.1428571428571428,0.1428571428571428,1.0,0.0,0.0643499999999999,143.0,0.1666666666666666,0.1666666666666666
1958,CL,広島東洋カープ,71573806,古葉　竹識,T.Koba,88.0,368.0,340.0,35.0,76.0,8.0,2.0,5.0,103.0,18.0,5.0,0,7.0,0.0,21.0,0,0.0,36.0,3.0,0.224,0.269,0.303,0.572,61.0,0.0789999999999999,0.045,0.348,0.0570652173913043,0.0978260869565217,0.5833333333333334,0.2374581939799331,0.1968,370.0,0.1558823529411764,0.4831460674157303
1958,CL,中日ドラゴンズ,71573809,大矢根　博臣,H.Ooyane,53.0,119.0,110.0,4.0,14.0,4.0,0.0,0.0,18.0,5.0,0.0,0,5.0,1.0,3.0,0,0.0,29.0,1.0,0.127,0.149,0.164,0.313,10.0,0.037,0.0219999999999999,0.186,0.0252100840336134,0.2436974789915966,0.1034482758620689,0.1707317073170731,0.10805,203.66666666666663,0.0636363636363636,0.2164948453608247
1958,CL,中日ドラゴンズ,71573896,杉山　悟,S.Sugiyama,96.0,336.0,313.0,20.0,81.0,12.0,2.0,9.0,124.0,41.0,5.0,0,1.0,3.0,17.0,0,2.0,50.0,6.0,0.259,0.299,0.396,0.695,58.0,0.137,0.0399999999999999,0.436,0.050595238095238,0.1488095238095238,0.34,0.2801556420233463,0.23355,431.0,0.2140575079872204,0.6218487394957983
1958,CL,東京ヤクルトスワローズ,71773806,島谷　勇雄,I.Shimatani,3.0,1.0,1.0,0.0,0.0,0.0,0.0,0.0,0.0,0.0,0.0,0,0.0,0.0,0.0,0,0.0,1.0,0.0,0.0,0.0,0.0,0.0,0.0,0.0,0.0,0.0,0.0,1.0,0.0,,0.0,0.0,0.0,0.0
1958,CL,阪神タイガース,71973806,土井　豊,Y.Doi,20.0,11.0,10.0,0.0,1.0,0.0,0.0,0.0,1.0,1.0,0.0,0,0.0,1.0,0.0,0,0.0,4.0,0.0,0.1,0.091,0.1,0.191,1.0,0.0,-0.009,0.091,0.0,0.3636363636363636,0.0,0.1428571428571428,0.06595,124.33333333333331,0.0,0.1111111111111111
1958,CL,阪神タイガース,73573800,宮崎　逸人,I.Miyazaki,2.0,1.0,1.0,0.0,0.0,0.0,0.0,0.0,0.0,0.0,0.0,0,0.0,0.0,0.0,0,0.0,0.0,0.0,0.0,0.0,0.0,0.0,0.0,0.0,0.0,0.0,0.0,0.0,,0.0,0.0,0.0,0.0,0.0
1958,CL,中日ドラゴンズ,73573809,吉沢　岳男,T.Yoshizawa,100.0,309.0,286.0,14.0,60.0,9.0,3.0,3.0,84.0,22.0,6.0,0,8.0,0.0,14.0,0,1.0,31.0,7.0,0.21,0.249,0.294,0.543,45.0,0.0839999999999999,0.039,0.3329999999999999,0.0453074433656957,0.1003236245954692,0.4516129032258064,0.2261904761904762,0.18555,347.0,0.1573426573426573,0.4506437768240343
1958,CL,横浜DeNAベイスターズ,81083802,土井　淳,K.Doi,108.0,417.0,360.0,34.0,87.0,12.0,1.0,7.0,122.0,38.0,7.0,0,13.0,2.0,38.0,0,4.0,51.0,10.0,0.242,0.319,0.339,0.658,67.0,0.097,0.077,0.416,0.0911270983213429,0.1223021582733813,0.7450980392156863,0.2631578947368421,0.2283,432.0,0.2333333333333333,0.6042402826855123
1958,CL,阪神タイガース,81083806,本間　勝,M.Honma,3.0,1.0,1.0,0.0,1.0,0.0,0.0,0.0,1.0,0.0,0.0,0,0.0,0.0,0.0,0,0.0,0.0,0.0,1.0,1.0,1.0,2.0,1.0,0.0,0.0,1.0,0.0,0.0,,1.0,0.7,1333.3333333333333,0.0,
1958,CL,東京ヤクルトスワローズ,81183809,石田　雅亮,M.Ishida,106.0,361.0,331.0,15.0,81.0,10.0,1.0,2.0,99.0,24.0,1.0,0,11.0,0.0,18.0,0,1.0,63.0,7.0,0.245,0.286,0.299,0.585,68.0,0.0539999999999999,0.0409999999999999,0.3399999999999999,0.0498614958448753,0.1745152354570637,0.2857142857142857,0.2969924812030075,0.2034499999999999,385.6666666666667,0.1148036253776435,0.4630350194552529
1958,CL,横浜DeNAベイスターズ,81183897,小林　章良,A.Kobayashi,101.0,165.0,151.0,6.0,37.0,2.0,0.0,1.0,42.0,14.0,0.0,0,1.0,1.0,10.0,0,2.0,18.0,1.0,0.245,0.299,0.278,0.577,34.0,0.033,0.0539999999999999,0.332,0.0606060606060606,0.109090909090909,0.5555555555555556,0.2706766917293233,0.20405,391.6666666666667,0.1125827814569536,0.4695652173913043
1958,CL,読売ジャイアンツ,81283804,藤本　伸,S.Fujimoto,53.0,105.0,96.0,12.0,18.0,2.0,0.0,0.0,20.0,5.0,4.0,0,3.0,1.0,5.0,0,0.0,17.0,3.0,0.188,0.225,0.208,0.433,16.0,0.0199999999999999,0.037,0.245,0.0476190476190476,0.1619047619047619,0.2941176470588235,0.225,0.15325,294.3333333333333,0.1145833333333333,0.3580246913580246
1958,CL,広島東洋カープ,81283805,備前　喜夫,Y.Bizen,29.0,47.0,44.0,1.0,2.0,0.0,0.0,0.0,2.0,0.0,0.0,0,1.0,0.0,2.0,0,0.0,12.0,1.0,0.045,0.087,0.045,0.132,2.0,0.0,0.0419999999999999,0.087,0.0425531914893617,0.2553191489361702,0.1666666666666666,0.0625,0.0504,102.0,0.0454545454545454,0.0930232558139534
1958,CL,広島東洋カープ,81283806,森永　勝也,K.Morinaga,118.0,419.0,383.0,51.0,104.0,13.0,6.0,13.0,168.0,45.0,1.0,0,3.0,4.0,27.0,0,2.0,46.0,7.0,0.272,0.32,0.439,0.759,72.0,0.1669999999999999,0.0479999999999999,0.487,0.0644391408114558,0.1097852028639618,0.5869565217391305,0.2774390243902439,0.25375,466.33333333333337,0.2454308093994778,0.6923076923076923
1958,CL,阪神タイガース,81383802,梅本　正之,M.Umemoto,5.0,1.0,1.0,0.0,0.0,0.0,0.0,0.0,0.0,0.0,0.0,0,0.0,0.0,0.0,0,0.0,0.0,0.0,0.0,0.0,0.0,0.0,0.0,0.0,0.0,0.0,0.0,0.0,,0.0,0.0,0.0,0.0,0.0
1958,CL,横浜DeNAベイスターズ,81383803,児玉　利一,R.Kodama,107.0,401.0,346.0,34.0,95.0,21.0,1.0,10.0,148.0,35.0,1.0,0,0.0,1.0,53.0,0,1.0,35.0,7.0,0.275,0.372,0.428,0.8,63.0,0.1529999999999999,0.0969999999999999,0.5249999999999999,0.1321695760598503,0.0872817955112219,1.5142857142857142,0.2814569536423841,0.2744,514.6666666666666,0.3121387283236994,0.7868217054263565
1958,CL,東京ヤクルトスワローズ,81383807,大久保　英男,H.Ookubo,31.0,45.0,42.0,4.0,8.0,2.0,0.0,0.0,10.0,2.0,2.0,0,3.0,0.0,0.0,0,0.0,5.0,1.0,0.19,0.19,0.238,0.428,6.0,0.0479999999999999,0.0,0.238,0.0,0.1111111111111111,0.0,0.2162162162162162,0.145,269.3333333333333,0.0952380952380952,0.3428571428571428
1958,CL,中日ドラゴンズ,81483802,浜島　清光,K.Hamajima,1.0,0.0,0.0,0.0,0.0,0.0,0.0,0.0,0.0,0.0,0.0,0,0.0,0.0,0.0,0,0.0,0.0,0.0,,,,,0.0,,,,,,,,,,,
1958,CL,読売ジャイアンツ,81483807,藤尾　茂,S.Fujio,115.0,428.0,399.0,54.0,113.0,22.0,6.0,11.0,180.0,58.0,8.0,0,1.0,3.0,24.0,0,1.0,57.0,9.0,0.283,0.323,0.451,0.774,74.0,0.168,0.04,0.491,0.0560747663551401,0.1331775700934579,0.4210526315789473,0.3053892215568862,0.2581,473.33333333333337,0.2506265664160401,0.7220338983050848
1958,CL,横浜DeNAベイスターズ,81583802,沖山　光利,T.Okiyama,124.0,517.0,472.0,38.0,103.0,17.0,1.0,2.0,128.0,18.0,7.0,0,5.0,1.0,36.0,0,3.0,56.0,6.0,0.218,0.277,0.271,0.548,83.0,0.053,0.059,0.33,0.06963249516441,0.1083172147001934,0.6428571428571429,0.2433734939759036,0.1924,367.33333333333337,0.1504237288135593,0.464
1958,CL,横浜DeNAベイスターズ,81583806,桜井　薫,K.Sakurai,23.0,10.0,10.0,0.0,2.0,1.0,0.0,0.0,3.0,0.0,0.0,0,0.0,0.0,0.0,0,0.0,5.0,0.0,0.2,0.2,0.3,0.5,1.0,0.0999999999999999,0.0,0.3,0.0,0.5,0.0,0.4,0.165,300.0,0.1,0.375
1958,CL,読売ジャイアンツ,81583809,加倉井　実,M.Kakurai,35.0,77.0,67.0,7.0,10.0,1.0,0.0,0.0,11.0,5.0,1.0,0,0.0,1.0,7.0,0,2.0,17.0,2.0,0.149,0.247,0.164,0.411,9.0,0.015,0.098,0.262,0.0909090909090909,0.2207792207792207,0.4117647058823529,0.196078431372549,0.15215,301.66666666666663,0.1641791044776119,0.3559322033898305
1958,CL,横浜DeNAベイスターズ,81683800,中村　敏行,T.Nakamura,90.0,317.0,280.0,24.0,59.0,10.0,2.0,9.0,100.0,23.0,4.0,0,12.0,1.0,24.0,0,0.0,69.0,3.0,0.211,0.272,0.357,0.629,38.0,0.146,0.061,0.418,0.0757097791798107,0.2176656151419558,0.3478260869565217,0.2463054187192118,0.21165,391.0,0.2464285714285714,0.5714285714285714
1958,CL,阪神タイガース,81683802,藤本　勝巳,K.Fujimoto,124.0,410.0,378.0,35.0,85.0,14.0,2.0,16.0,151.0,49.0,4.0,0,0.0,4.0,27.0,0,1.0,83.0,11.0,0.225,0.276,0.399,0.675,53.0,0.174,0.051,0.45,0.0658536585365853,0.2024390243902439,0.3253012048192771,0.2438162544169611,0.22395,409.00000000000006,0.2592592592592592,0.6019736842105263
1958,CL,阪神タイガース,81683807,山本　哲也,T.Yamamoto,87.0,255.0,239.0,21.0,47.0,8.0,1.0,3.0,66.0,17.0,6.0,0,3.0,1.0,10.0,0,2.0,28.0,5.0,0.197,0.234,0.276,0.51,35.0,0.079,0.037,0.313,0.0392156862745098,0.1098039215686274,0.3571428571428571,0.2105263157894736,0.1743,326.0,0.1548117154811715,0.4263959390862944
1958,CL,広島東洋カープ,81783804,田中　尊,T.Tanaka,94.0,286.0,266.0,14.0,52.0,6.0,3.0,3.0,73.0,21.0,0.0,0,7.0,2.0,11.0,0,0.0,49.0,6.0,0.195,0.226,0.274,0.5,40.0,0.079,0.031,0.305,0.0384615384615384,0.1713286713286713,0.2244897959183673,0.2268518518518518,0.1702,317.33333333333337,0.1203007518796992,0.3818181818181818
1958,CL,読売ジャイアンツ,81983804,中村　稔,M.Nakamura,7.0,2.0,2.0,0.0,0.0,0.0,0.0,0.0,0.0,0.0,0.0,0,0.0,0.0,0.0,0,0.0,0.0,0.0,0.0,0.0,0.0,0.0,0.0,0.0,0.0,0.0,0.0,0.0,,0.0,0.0,0.0,0.0,0.0
1958,CL,横浜DeNAベイスターズ,81983805,椙本　勝,M.Sugimoto,36.0,43.0,36.0,5.0,6.0,0.0,1.0,1.0,11.0,2.0,0.0,0,0.0,0.0,6.0,0,1.0,13.0,2.0,0.167,0.302,0.306,0.608,4.0,0.1389999999999999,0.1349999999999999,0.4409999999999999,0.1395348837209302,0.3023255813953488,0.4615384615384615,0.2272727272727272,0.2123999999999999,404.0,0.3333333333333333,0.5625
1958,CL,読売ジャイアンツ,81983806,長嶋　茂雄,S.Nagashima,130.0,550.0,502.0,89.0,153.0,34.0,8.0,29.0,290.0,92.0,10.0,0,1.0,6.0,36.0,0,5.0,53.0,3.0,0.305,0.353,0.578,0.931,82.0,0.2729999999999999,0.0479999999999999,0.6259999999999999,0.0654545454545454,0.0963636363636363,0.6792452830188679,0.2910798122065727,0.30335,545.6666666666666,0.3745019920318725,0.96875
1958,CL,東京ヤクルトスワローズ,91093800,佐々木　重徳,S.Sasaki,120.0,386.0,352.0,27.0,78.0,13.0,4.0,4.0,111.0,25.0,9.0,0,8.0,2.0,23.0,0,1.0,45.0,13.0,0.222,0.27,0.315,0.585,57.0,0.093,0.048,0.363,0.0595854922279792,0.116580310880829,0.5111111111111111,0.2426229508196721,0.20025,375.0,0.1875,0.5017421602787456
1958,CL,東京ヤクルトスワローズ,91093807,田所　善治郎,Z.Tadokoro,34.0,41.0,37.0,3.0,4.0,0.0,0.0,0.0,4.0,2.0,0.0,0,3.0,0.0,1.0,0,0.0,10.0,1.0,0.108,0.132,0.108,0.24,4.0,0.0,0.024,0.132,0.024390243902439,0.2439024390243902,0.1,0.1481481481481481,0.0864,168.0,0.027027027027027,0.1470588235294117
1958,CL,阪神タイガース,91193800,浅越　桂一,K.Asagoe,74.0,194.0,181.0,16.0,37.0,6.0,0.0,6.0,61.0,16.0,1.0,0,0.0,0.0,12.0,0,1.0,48.0,4.0,0.204,0.258,0.337,0.595,25.0,0.133,0.054,0.391,0.0618556701030927,0.2474226804123711,0.25,0.2440944881889764,0.20035,370.33333333333337,0.2099447513812154,0.5067567567567568
1958,CL,中日ドラゴンズ,91193805,石川　克彦,K.Ishikawa,5.0,0.0,0.0,0.0,0.0,0.0,0.0,0.0,0.0,0.0,0.0,0,0.0,0.0,0.0,0,0.0,0.0,0.0,,,,,0.0,,,,,,,,,,,
1958,CL,東京ヤクルトスワローズ,91193894,飯田　徳治,T.Iida,38.0,154.0,143.0,12.0,35.0,2.0,4.0,2.0,51.0,13.0,5.0,0,1.0,1.0,9.0,0,0.0,22.0,0.0,0.245,0.288,0.357,0.645,27.0,0.1119999999999999,0.0429999999999999,0.3999999999999999,0.0584415584415584,0.1428571428571428,0.4090909090909091,0.275,0.21885,407.0,0.2097902097902098,0.6018518518518519
1958,CL,広島東洋カープ,91393800,恵川　康太郎,K.Egawa,34.0,54.0,53.0,1.0,11.0,1.0,0.0,0.0,12.0,6.0,0.0,0,0.0,0.0,1.0,0,0.0,12.0,1.0,0.208,0.222,0.226,0.448,10.0,0.018,0.014,0.24,0.0185185185185185,0.2222222222222222,0.0833333333333333,0.2682926829268293,0.1564,297.3333333333333,0.0377358490566037,0.3023255813953488
1958,CL,横浜DeNAベイスターズ,91393802,今泉　喜一郎,K.Imaizumi,21.0,49.0,46.0,5.0,12.0,1.0,0.0,3.0,22.0,6.0,0.0,0,0.0,1.0,2.0,0,0.0,11.0,2.0,0.261,0.286,0.478,0.764,8.0,0.2169999999999999,0.0249999999999999,0.5029999999999999,0.0408163265306122,0.2244897959183673,0.1818181818181818,0.2727272727272727,0.2481999999999999,445.3333333333333,0.2608695652173913,0.6666666666666666
1958,CL,読売ジャイアンツ,91393807,岩本　堯,T.Iwamoto,114.0,363.0,320.0,39.0,72.0,13.0,3.0,4.0,103.0,28.0,2.0,0,9.0,4.0,27.0,0,3.0,78.0,7.0,0.225,0.288,0.322,0.61,52.0,0.097,0.0629999999999999,0.385,0.0743801652892562,0.2148760330578512,0.3461538461538461,0.2809917355371901,0.2101,395.3333333333333,0.196875,0.5294117647058824
1958,CL,広島東洋カープ,91493807,原田　信吉,S.Harada,53.0,87.0,78.0,6.0,17.0,4.0,3.0,0.0,27.0,8.0,2.0,0,2.0,0.0,6.0,0,1.0,20.0,3.0,0.218,0.282,0.346,0.628,10.0,0.1279999999999999,0.0639999999999999,0.4099999999999999,0.0689655172413793,0.2298850574712643,0.3,0.293103448275862,0.2133999999999999,397.3333333333333,0.2435897435897435,0.5625
1958,CL,阪神タイガース,91593802,大津　淳,A.Ootsu,105.0,383.0,350.0,27.0,88.0,10.0,2.0,5.0,117.0,42.0,2.0,0,12.0,3.0,18.0,0,0.0,17.0,7.0,0.251,0.286,0.334,0.62,71.0,0.083,0.0349999999999999,0.369,0.0469973890339425,0.0443864229765013,1.0588235294117647,0.2507552870090634,0.2122,397.3333333333333,0.14,0.5092936802973977
1958,CL,広島東洋カープ,91593805,川本　徳三,T.Kawamoto,33.0,27.0,26.0,1.0,5.0,1.0,0.0,0.0,6.0,1.0,0.0,0,1.0,0.0,0.0,0,0.0,9.0,0.0,0.192,0.192,0.231,0.423,4.0,0.039,0.0,0.231,0.0,0.3333333333333333,0.0,0.2941176470588235,0.14415,269.0,0.0384615384615384,0.2857142857142857
1958,CL,横浜DeNAベイスターズ,91593806,幸田　優,M.Kouda,2.0,1.0,1.0,0.0,0.0,0.0,0.0,0.0,0.0,0.0,0.0,0,0.0,0.0,0.0,0,0.0,0.0,0.0,0.0,0.0,0.0,0.0,0.0,0.0,0.0,0.0,0.0,0.0,,0.0,0.0,0.0,0.0,0.0
1958,CL,中日ドラゴンズ,91693800,戸田　忠男,T.Toda,7.0,6.0,6.0,0.0,1.0,0.0,0.0,0.0,1.0,0.0,0.0,0,0.0,0.0,0.0,0,0.0,2.0,0.0,0.167,0.167,0.167,0.334,1.0,0.0,0.0,0.167,0.0,0.3333333333333333,0.0,0.25,0.1169,222.66666666666669,0.0,0.2
1958,CL,広島東洋カープ,91693802,桧垣　忠,T.Higaki,64.0,123.0,116.0,9.0,19.0,3.0,0.0,0.0,22.0,14.0,0.0,0,0.0,0.0,7.0,0,0.0,27.0,3.0,0.164,0.211,0.19,0.401,16.0,0.0259999999999999,0.0469999999999999,0.237,0.056910569105691,0.2195121951219512,0.2592592592592592,0.2134831460674157,0.14245,274.3333333333333,0.0862068965517241,0.29
1958,CL,阪神タイガース,91693807,三宅　伸和,N.Miyake,130.0,565.0,510.0,81.0,137.0,22.0,6.0,21.0,234.0,48.0,16.0,0,8.0,1.0,44.0,0,2.0,107.0,5.0,0.269,0.329,0.459,0.788,88.0,0.19,0.06,0.519,0.0778761061946902,0.1893805309734513,0.411214953271028,0.3028720626631854,0.2628,482.0,0.3117647058823529,0.783068783068783
1958,CL,阪神タイガース,91693809,西尾　慈高,S.Nishio,40.0,60.0,52.0,3.0,6.0,2.0,0.0,0.0,8.0,1.0,0.0,0,5.0,0.0,3.0,0,0.0,15.0,0.0,0.115,0.164,0.154,0.318,4.0,0.0389999999999999,0.049,0.203,0.05,0.25,0.2,0.1621621621621621,0.1123,215.3333333333333,0.0961538461538461,0.2391304347826087
1958,CL,広島東洋カープ,91793800,川原　政数,M.Kawahara,43.0,125.0,117.0,3.0,22.0,5.0,0.0,0.0,27.0,10.0,2.0,0,3.0,0.0,5.0,0,0.0,27.0,6.0,0.188,0.221,0.231,0.452,17.0,0.043,0.033,0.264,0.04,0.216,0.1851851851851851,0.2444444444444444,0.1572,298.0,0.1025641025641025,0.3366336633663366
1958,CL,横浜DeNAベイスターズ,91793804,芝野　忠男,T.Shibano,90.0,270.0,243.0,14.0,42.0,7.0,4.0,4.0,69.0,15.0,1.0,0,5.0,1.0,21.0,0,0.0,78.0,4.0,0.173,0.238,0.284,0.522,27.0,0.1109999999999999,0.065,0.349,0.0777777777777777,0.2888888888888888,0.2692307692307692,0.2345679012345679,0.1780999999999999,332.6666666666667,0.2016460905349794,0.4439024390243902
1958,CL,東京ヤクルトスワローズ,91793807,北畑　利雄,T.Kitabata,24.0,13.0,12.0,1.0,2.0,0.0,1.0,0.0,4.0,0.0,0.0,0,1.0,0.0,0.0,0,0.0,3.0,0.0,0.167,0.167,0.333,0.5,1.0,0.166,0.0,0.333,0.0,0.2307692307692307,0.0,0.2222222222222222,0.1584,278.0,0.1666666666666666,0.4
1958,CL,読売ジャイアンツ,91893809,広岡　達朗,T.Hirooka,111.0,479.0,437.0,69.0,121.0,18.0,2.0,12.0,179.0,41.0,9.0,0,7.0,1.0,30.0,0,4.0,70.0,4.0,0.277,0.328,0.41,0.738,89.0,0.1329999999999999,0.0509999999999999,0.4609999999999999,0.0626304801670146,0.1461377870563674,0.4285714285714285,0.3061797752808989,0.2501,464.6666666666667,0.2311212814645309,0.69375
1958,CL,読売ジャイアンツ,91993806,土岐　道雄,M.Doki,2.0,0.0,0.0,0.0,0.0,0.0,0.0,0.0,0.0,0.0,0.0,0,0.0,0.0,0.0,0,0.0,0.0,0.0,,,,,0.0,,,,,,,,,,,
1958,CL,広島東洋カープ,93393800,藤井　弘,H.Fujii,120.0,487.0,408.0,53.0,111.0,25.0,2.0,17.0,191.0,55.0,4.0,0,2.0,0.0,76.0,0,1.0,71.0,12.0,0.272,0.388,0.468,0.856,67.0,0.196,0.1159999999999999,0.5840000000000001,0.1560574948665297,0.1457905544147844,1.0704225352112675,0.29375,0.2916,544.0,0.3946078431372549,0.8802588996763754
1958,CL,読売ジャイアンツ,93593800,宮本　敏雄,T.Miyamoto,107.0,323.0,302.0,23.0,66.0,6.0,1.0,6.0,92.0,23.0,3.0,0,3.0,3.0,13.0,0,2.0,58.0,7.0,0.219,0.253,0.305,0.558,53.0,0.086,0.034,0.3389999999999999,0.0402476780185758,0.1795665634674922,0.2241379310344827,0.2489626556016597,0.1901,354.6666666666667,0.1456953642384106,0.4526748971193415
1958,CL,広島東洋カープ,93593809,米山　光男,M.Yoneyama,61.0,183.0,157.0,19.0,38.0,5.0,2.0,1.0,50.0,10.0,1.0,0,4.0,1.0,21.0,0,0.0,25.0,2.0,0.242,0.33,0.318,0.648,30.0,0.076,0.088,0.406,0.1147540983606557,0.1366120218579235,0.84,0.2803030303030303,0.228,436.0,0.2165605095541401,0.5950413223140496
